Workbook
Name Cua: HiddenData!$E$5:$E$9
Name CuaSo: HiddenData!$E$10:$E$12
Name DanhSachCha: HiddenData!$A$1:$A$5
Name data_config: HiddenData!$E$1:$G$18
Name DataComponents: HiddenData!$E$1:$F$18
Name DSC: HiddenData!$A$1:$A$6
Name HangRao: HiddenData!$E$1:$E$4
Name List_MaDanhMuc: HiddenData!$A$1:$A$6
Name List_MDM: HiddenData!$A$1:$A$6
Name MaiNha: HiddenData!$E$13:$E$15
Name NhaTienChe: HiddenData!$E$19:$E$21
Name VatDung: HiddenData!$E$16:$E$18

Sheet KPM_Import_Product
A1: #VALUE! | B1: KPM (KHOA PHONG MATERIALS) - TEMPLATE NHẬP SẢN PHẨM HÀNG LOẠT
B3: "Lưu ý: Vui lòng đọc kỹ sheet [Hướng Dẫn Import] trước khi nhập liệu. Các cột có dấu () là bắt buộc nhập."
A4: Mã sản phẩm (*) | B4: Tên sản phẩm (*) | C4: Mã danh mục (*) | D4: Tên danh mục | E4: Thông số kỹ thuật (JSON) | F4: Thành phần cấu tạo | G4: Giá phụ thu | H4: Link ảnh chính | I4: Link ảnh phụ
E5: =IF(ISBLANK(D5), "", VLOOKUP(D5, HiddenData!$E$1:$G$100, 3, FALSE)) | F5: =IF(ISBLANK(D5), "", VLOOKUP(D5, HiddenData!$E$1:$F$100, 2, FALSE)) | G5: =IF(AND(NOT(ISBLANK(A5)), NOT(ISBLANK(B5))), 1000000, "")
E6: =IF(ISBLANK(D6), "", VLOOKUP(D6, HiddenData!$E$1:$G$100, 3, FALSE)) | F6: =IF(ISBLANK(D6), "", VLOOKUP(D6, HiddenData!$E$1:$F$100, 2, FALSE)) | G6: =IF(AND(NOT(ISBLANK(A6)), NOT(ISBLANK(B6))), 1000000, "")
E7: =IF(ISBLANK(D7), "", VLOOKUP(D7, HiddenData!$E$1:$G$100, 3, FALSE)) | F7: =IF(ISBLANK(D7), "", VLOOKUP(D7, HiddenData!$E$1:$F$100, 2, FALSE)) | G7: =IF(AND(NOT(ISBLANK(A7)), NOT(ISBLANK(B7))), 1000000, "")
E8: =IF(ISBLANK(D8), "", VLOOKUP(D8, HiddenData!$E$1:$G$100, 3, FALSE)) | F8: =IF(ISBLANK(D8), "", VLOOKUP(D8, HiddenData!$E$1:$F$100, 2, FALSE)) | G8: =IF(AND(NOT(ISBLANK(A8)), NOT(ISBLANK(B8))), 1000000, "")
E9: =IF(ISBLANK(D9), "", VLOOKUP(D9, HiddenData!$E$1:$G$100, 3, FALSE)) | F9: =IF(ISBLANK(D9), "", VLOOKUP(D9, HiddenData!$E$1:$F$100, 2, FALSE)) | G9: =IF(AND(NOT(ISBLANK(A9)), NOT(ISBLANK(B9))), 1000000, "")
E10: =IF(ISBLANK(D10), "", VLOOKUP(D10, HiddenData!$E$1:$G$100, 3, FALSE)) | F10: =IF(ISBLANK(D10), "", VLOOKUP(D10, HiddenData!$E$1:$F$100, 2, FALSE)) | G10: =IF(AND(NOT(ISBLANK(A10)), NOT(ISBLANK(B10))), 1000000, "")
E11: =IF(ISBLANK(D11), "", VLOOKUP(D11, HiddenData!$E$1:$G$100, 3, FALSE)) | F11: =IF(ISBLANK(D11), "", VLOOKUP(D11, HiddenData!$E$1:$F$100, 2, FALSE)) | G11: =IF(AND(NOT(ISBLANK(A11)), NOT(ISBLANK(B11))), 1000000, "")
E12: =IF(ISBLANK(D12), "", VLOOKUP(D12, HiddenData!$E$1:$G$100, 3, FALSE)) | F12: =IF(ISBLANK(D12), "", VLOOKUP(D12, HiddenData!$E$1:$F$100, 2, FALSE)) | G12: =IF(AND(NOT(ISBLANK(A12)), NOT(ISBLANK(B12))), 1000000, "")
E13: =IF(ISBLANK(D13), "", VLOOKUP(D13, HiddenData!$E$1:$G$100, 3, FALSE)) | F13: =IF(ISBLANK(D13), "", VLOOKUP(D13, HiddenData!$E$1:$F$100, 2, FALSE)) | G13: =IF(AND(NOT(ISBLANK(A13)), NOT(ISBLANK(B13))), 1000000, "")
E14: =IF(ISBLANK(D14), "", VLOOKUP(D14, HiddenData!$E$1:$G$100, 3, FALSE)) | F14: =IF(ISBLANK(D14), "", VLOOKUP(D14, HiddenData!$E$1:$F$100, 2, FALSE)) | G14: =IF(AND(NOT(ISBLANK(A14)), NOT(ISBLANK(B14))), 1000000, "")
E15: =IF(ISBLANK(D15), "", VLOOKUP(D15, HiddenData!$E$1:$G$100, 3, FALSE)) | F15: =IF(ISBLANK(D15), "", VLOOKUP(D15, HiddenData!$E$1:$F$100, 2, FALSE)) | G15: =IF(AND(NOT(ISBLANK(A15)), NOT(ISBLANK(B15))), 1000000, "")
E16: =IF(ISBLANK(D16), "", VLOOKUP(D16, HiddenData!$E$1:$G$100, 3, FALSE)) | F16: =IF(ISBLANK(D16), "", VLOOKUP(D16, HiddenData!$E$1:$F$100, 2, FALSE)) | G16: =IF(AND(NOT(ISBLANK(A16)), NOT(ISBLANK(B16))), 1000000, "")
... E84: =IF(ISBLANK(D84), "", VLOOKUP(D84, HiddenData!$E$1:$G$100, 3, FALSE)) | F84: =IF(ISBLANK(D84), "", VLOOKUP(D84, HiddenData!$E$1:$F$100, 2, FALSE)) | G84: =IF(AND(NOT(ISBLANK(A84)), NOT(ISBLANK(B84))), 1000000, "")

Sheet Import rules
A1: (Cột A) TÊN CỘT | B1: (Cột B) BẮT BUỘC | C1: (Cột C) QUY TẮC NHẬP LIỆU | D1: (Cột D) VÍ DỤ MINH HỌA
A2: Mã sản phẩm (*) | B2: 🔴 CÓ | C2: - Viết liền, không dấu, không chứa ký tự đặc biệt (trừ dấu gạch ngang). | D2: SP-CNC-001
C4: - Cấm trùng lặp với mã đã có trong Database. | D4: CS-TRONGDONG-4C
C6: - Cấm trùng lặp ngay giữa các dòng trong cùng 1 file.
A7: Tên sản phẩm (*) | B7: 🔴 CÓ | C7: - Nhập văn bản bình thường. | D7: Cổng sắt CNC 4 cánh họa tiết Trống Đồng
C9: - Khuyến khích ghi rõ tên gọi, đặc điểm để dễ tìm kiếm.
A10: Mã danh mục (*) | B10: 🔴 CÓ | C10: - KHÔNG ĐƯỢC GÕ TAY. | D10: DM-CUA-C4C
C12: - Bắt buộc click vào ô và chọn mã từ Danh sách xổ xuống (Dropdown) mà hệ thống đã cung cấp. | D12: DM-HR-CNC
A13: Thông số kỹ thuật (JSON) | B13: ⚪ KHÔNG | C13: - Phải viết đúng chuẩn cú pháp JSON. | D13: {"do_day": "10mm", "mau_son": "Đồng giả cổ"}
C15: - Bắt buộc bọc trong dấu ngoặc nhọn { }.
C17: - Thuộc tính và Giá trị phải bọc trong dấu ngoặc kép " ".
A18: Link ảnh chính | B18: ⚪ KHÔNG | C18: - Dán trực tiếp đường link URL của ảnh (từ Cloudinary, Drive public, Website). | D18: https://abc.com/anh-chinh.jpg
C20: - Lưu ý: Hệ thống sẽ tự động lưu ảnh vào DB khi duyệt.
A21: Link ảnh phụ | B21: ⚪ KHÔNG | C21: - Có thể nhập nhiều link ảnh cùng lúc. | D21: https://abc.com/anh1.jpg, https://abc.com/anh2.jpg
C23: - Mỗi link cách nhau bằng một dấu phẩy ( , ).
C25: - Hệ thống sẽ tự động tách mảng.

Sheet HiddenData
A1: HangRao | E1: Hàng rào sắt hộp | F1: [{"name":"Thân hàng rào","length":2000,"width":1000,"height":0,"unit":"mm","default_material":""},{"name":"Mũi chông sắt","length":1000,"width":0,"height":0,"unit":"mm","default_material":""}] | G1: {"Chất liệu chính": "", "Quy cách sơn": "", "Bảo hành": ""}
A2: Cua | E2: Hàng rào CNC | F2: [{"name":"Khung viền bao","length":2000,"width":1000,"height":0,"unit":"mm","default_material":""},{"name":"Tấm thép cắt CNC","length":2000,"width":1000,"height":0,"unit":"mm","default_material":""}] | G2: {"Công nghệ cắt": "CNC Laser", "Độ tinh xảo": "", "Xử lý bề mặt": ""}
A3: CuaSo | E3: Hàng rào chống trộm | F3: [{"name":"Thân hàng rào","length":2000,"width":1000,"height":0,"unit":"mm","default_material":""},{"name":"Mũi giáo uốn cong","length":1000,"width":0,"height":0,"unit":"mm","default_material":""}] | G3: {"Kiểu dáng": "Mũi giáo uốn cong", "Độ an toàn": "Cao", "Bảo hành": ""}
A4: MaiNha | E4: Hàng rào lưới | F4: [{"name":"Khung cột","length":2000,"width":0,"height":0,"unit":"mm","default_material":""},{"name":"Lưới thép/B40","length":2000,"width":1000,"height":0,"unit":"mm","default_material":""}] | G4: {"Loại lưới": "", "Quy cách ô lưới": "", "Xuất xứ": ""}
A5: VatDung | E5: Cửa sắt | F5: [{"name":"Khung bao cửa","length":2200,"width":1000,"height":0,"unit":"mm","default_material":""},{"name":"Cánh sắt","length":2150,"width":950,"height":0,"unit":"mm","default_material":""}] | G5: {"Chất liệu khung": "", "Phụ kiện đi kèm": "Khóa, bản lề", "Quy cách sơn": ""}
A6: NhaTienChe | E6: Cửa nhôm Xingfa | F6: [{"name":"Khung bao nhôm","length":2200,"width":1000,"height":0,"unit":"mm","default_material":""},{"name":"Cánh nhôm","length":2150,"width":950,"height":0,"unit":"mm","default_material":""},{"name":"Kính cường lực","length":2000,"width":800,"height":0,"unit":"mm","default_material":""}] | G6: {"Hệ nhôm": "Xingfa hệ 55", "Tiêu chuẩn kính": "", "Phụ kiện đồng bộ": "Kinlong"}
E7: Cửa kéo Đài Loan | F7: [{"name":"Khung bao cửa","length":2200,"width":1000,"height":0,"unit":"mm","default_material":""},{"name":"Lá cửa kéo","length":2000,"width":100,"height":0,"unit":"mm","default_material":""},{"name":"Nhíp chéo","length":2000,"width":100,"height":0,"unit":"mm","default_material":""}] | G7: {"Thương hiệu": "", "Cơ chế hoạt động": "Kéo tay / Motor", "Màu sắc lá": ""}
E8: Cửa cuốn | F8: [{"name":"Trục cuốn","length":1000,"width":0,"height":0,"unit":"mm","default_material":""},{"name":"Nan cửa","length":2000,"width":1000,"height":0,"unit":"mm","default_material":""},{"name":"Hộp che kỹ thuật","length":1000,"width":300,"height":300,"unit":"mm","default_material":""}] | G8: {"Công nghệ": "Đức / Úc", "Khe thoáng": "Có / Không", "Motor đi kèm": ""}
E9: Cửa 1 cánh | F9: [{"name":"Khung bao cửa","length":2200,"width":1000,"height":0,"unit":"mm","default_material":""},{"name":"Cánh cửa","length":2150,"width":950,"height":0,"unit":"mm","default_material":""}] | G9: {"Ứng dụng": "Cửa đi, cửa phòng", "Kiểu mở": "Mở quay", "Bảo hành": ""}
E10: Cửa sổ 1 cánh | F10: [{"name":"Khung bao cửa sổ","length":1200,"width":800,"height":0,"unit":"mm","default_material":""},{"name":"Cánh cửa sổ","length":1150,"width":750,"height":0,"unit":"mm","default_material":""}] | G10: {"Kiểu mở": "Mở hất / Mở quay", "Tiêu chuẩn kính": "", "Bản lề": "Chữ A"}
E11: Cửa sổ 2 cánh | F11: [{"name":"Khung bao cửa sổ","length":1200,"width":1200,"height":0,"unit":"mm","default_material":""},{"name":"Cánh cửa trái","length":1150,"width":550,"height":0,"unit":"mm","default_material":""},{"name":"Cánh cửa phải","length":1150,"width":550,"height":0,"unit":"mm","default_material":""}] | G11: {"Kiểu mở": "Mở lùa / Mở quay", "Chốt an toàn": "Có", "Bảo hành": ""}
E12: Khung sắt bảo vệ | F12: [{"name":"Khung bảo vệ chống trộm","length":1200,"width":1200,"height":0,"unit":"mm","default_material":""}] | G12: {"Đặc tính": "Chống cắt phá", "Kiểu dáng": "", "Vị trí lắp": "Cửa sổ, giếng trời"}
E13: Mái tôn | F13: [{"name":"Khung sườn chịu lực","length":5000,"width":3000,"height":0,"unit":"mm","default_material":""},{"name":"Tấm lợp tôn","length":5000,"width":3000,"height":0,"unit":"mm","default_material":""}] | G13: {"Loại tôn": "Tôn lạnh / Tôn xốp", "Tính năng": "Chống nóng, cách âm", "Thương hiệu tôn": "Hoa Sen, Đông Á"}
E14: Mái kính | F14: [{"name":"Khung sườn đỡ kính","length":5000,"width":3000,"height":0,"unit":"mm","default_material":""},{"name":"Kính cường lực lấy sáng","length":5000,"width":3000,"height":0,"unit":"mm","default_material":""}] | G14: {"Đặc tính kính": "Cường lực / Dán an toàn", "Khả năng lấy sáng": "Tối đa", "Phụ kiện": "Chân nhện (Spider)"}
E15: Mái vòm | F15: [{"name":"Khung sườn uốn vòm","length":5000,"width":3000,"height":0,"unit":"mm","default_material":""},{"name":"Tấm lợp (Poly/Tôn)","length":5000,"width":3000,"height":0,"unit":"mm","default_material":""}] | G15: {"Chất liệu lợp": "Polycarbonate / Tôn", "Khả năng uốn": "", "Độ bền màu": ""}
E16: Bàn làm việc | F16: [{"name":"Khung chân bàn","length":1200,"width":600,"height":750,"unit":"mm","default_material":""},{"name":"Mặt bàn","length":1200,"width":600,"height":0,"unit":"mm","default_material":""}] | G16: {"Phong cách": "Hiện đại, Tối giản", "Tải trọng tối đa": "", "Ứng dụng": "Văn phòng, Tại nhà"}
E17: Ghế sắt | F17: [{"name":"Khung chân ghế","length":400,"width":400,"height":450,"unit":"mm","default_material":""},{"name":"Mặt ngồi","length":400,"width":400,"height":0,"unit":"mm","default_material":""}] | G17: {"Tải trọng": "", "Khả năng xếp gọn": "Có / Không", "Đệm ngồi": ""}
E18: Kệ trang trí | F18: [{"name":"Khung kệ đỡ","length":1000,"width":300,"height":1500,"unit":"mm","default_material":""},{"name":"Mặt đợt (Tầng)","length":1000,"width":300,"height":0,"unit":"mm","default_material":""}] | G18: {"Số tầng": "", "Tải trọng mỗi tầng": "", "Màu sắc khung": ""}
... E21: Quán Cafe khung thép | F21: [{"name":"Khung chính chịu lực","length":10000,"width":5000,"height":3500,"unit":"mm","default_material":""},{"name":"Sàn Decking","length":10000,"width":5000,"height":0,"unit":"mm","default_material":""},{"name":"Hệ mái che (Kính/Tôn)","length":10000,"width":5000,"height":0,"unit":"mm","default_material":""}] | G21: {"Phong cách kiến trúc": "Industrial (Công nghiệp)", "Tính linh hoạt": "100% dễ tháo dời dời", "Bảo hành kết cấu": "10 năm"}
